Dealer_ID,Country
1,Malaysia
2,Thailand
3,Malaysia
4,Malaysia
5,Thailand
6,Thailand
7,Malaysia
8,Thailand
9,Malaysia
10,Malaysia
11,Thailand
12,Thailand
13,Malaysia
14,Thailand
15,Malaysia
16,Malaysia
17,Thailand
18,Thailand
19,Malaysia
20,Thailand
21,Malaysia
22,Malaysia
23,Thailand
24,Thailand
25,Malaysia
26,Thailand
27,Malaysia
28,Malaysia
29,Thailand
30,Thailand
31,Malaysia
32,Thailand
33,Malaysia
34,Malaysia
35,Thailand
36,Thailand
37,Malaysia
38,Thailand
39,Malaysia
40,Malaysia
41,Thailand
42,Thailand
43,Malaysia
44,Thailand
45,Malaysia
46,Malaysia
47,Thailand
48,Thailand
49,Malaysia
50,Thailand
51,Malaysia
52,Malaysia
53,Thailand
54,Thailand
55,Malaysia
56,Thailand
57,Malaysia
58,Malaysia
59,Thailand
60,Thailand
61,Malaysia
62,Thailand
63,Malaysia
64,Malaysia
65,Thailand
66,Thailand
67,Malaysia
68,Thailand
69,Malaysia
70,Malaysia
71,Thailand
72,Thailand
73,Malaysia
74,Thailand
75,Malaysia
76,Malaysia
77,Thailand
78,Thailand
79,Malaysia
80,Thailand
81,Malaysia
82,Malaysia
83,Thailand
84,Thailand
85,Malaysia
86,Thailand
87,Malaysia
88,Malaysia
89,Thailand
90,Thailand
91,Malaysia
92,Thailand
93,Malaysia
94,Malaysia
95,Thailand
96,Thailand
97,Malaysia
98,Thailand
99,Malaysia
100,Malaysia
101,Thailand
102,Thailand
103,Malaysia
104,Thailand
105,Malaysia
106,Malaysia
107,Thailand
108,Thailand
109,Malaysia
110,Thailand
111,Malaysia
112,Malaysia
113,Thailand
114,Thailand
115,Malaysia
116,Thailand
117,Malaysia
118,Malaysia
119,Thailand
120,Thailand
121,Malaysia
122,Thailand
123,Malaysia
124,Malaysia
125,Thailand
126,Thailand
127,Malaysia
128,Thailand
129,Malaysia
130,Malaysia
131,Thailand
132,Thailand
133,Malaysia
134,Thailand
135,Malaysia
136,Malaysia
137,Thailand
138,Thailand
139,Malaysia
140,Thailand
141,Malaysia
142,Malaysia
143,Thailand
144,Thailand
145,Malaysia
146,Thailand
147,Malaysia
148,Malaysia
149,Thailand
150,Thailand
151,Malaysia
152,Thailand
153,Malaysia
154,Malaysia
155,Thailand
156,Thailand
157,Malaysia
158,Thailand
159,Malaysia
160,Malaysia
161,Thailand
162,Thailand
163,Malaysia
164,Thailand
165,Malaysia
166,Malaysia
167,Thailand
168,Thailand
169,Malaysia
170,Thailand
171,Malaysia
172,Malaysia
173,Thailand
174,Thailand
175,Malaysia
176,Thailand
177,Malaysia
178,Malaysia
179,Thailand
180,Thailand
181,Malaysia
182,Thailand
183,Malaysia
184,Malaysia
185,Thailand
186,Thailand
187,Malaysia
188,Thailand
189,Malaysia
190,Malaysia
191,Thailand
192,Thailand
193,Malaysia
194,Thailand
195,Malaysia
196,Malaysia
197,Thailand
198,Thailand
199,Malaysia
200,Thailand
201,Malaysia
202,Malaysia
203,Thailand
204,Thailand
205,Malaysia
206,Thailand
207,Malaysia
208,Malaysia
209,Thailand
210,Thailand
211,Malaysia
212,Thailand
213,Malaysia
214,Malaysia
215,Thailand
216,Thailand
217,Malaysia
218,Thailand
219,Malaysia
220,Malaysia
221,Thailand
222,Thailand
223,Malaysia
224,Thailand
225,Malaysia
226,Malaysia
227,Thailand
228,Thailand
229,Malaysia
230,Thailand
231,Malaysia
232,Malaysia
233,Thailand
234,Thailand
235,Malaysia
236,Thailand
237,Malaysia
238,Malaysia
239,Thailand
240,Thailand
241,Malaysia
242,Thailand
243,Malaysia
244,Malaysia
245,Thailand
246,Thailand
247,Malaysia
248,Thailand
249,Malaysia
250,Malaysia
251,Thailand
252,Thailand
253,Malaysia
254,Thailand
255,Malaysia
256,Malaysia
257,Thailand
258,Thailand
259,Malaysia
260,Thailand
261,Malaysia
262,Malaysia
263,Thailand
264,Thailand
265,Malaysia
266,Thailand
267,Malaysia
268,Malaysia
269,Thailand
270,Thailand
271,Malaysia
272,Thailand
273,Malaysia
274,Malaysia
275,Thailand
276,Thailand
277,Malaysia
278,Thailand
279,Malaysia
280,Malaysia
281,Thailand
282,Thailand
283,Malaysia
284,Thailand
285,Malaysia
286,Malaysia
287,Thailand
288,Thailand
289,Malaysia
290,Thailand
291,Malaysia
292,Malaysia
293,Thailand
294,Thailand
295,Malaysia
296,Thailand
297,Malaysia
298,Malaysia
299,Thailand
300,Thailand
301,Malaysia
302,Thailand
303,Malaysia
304,Malaysia
305,Thailand
306,Thailand
307,Malaysia
308,Thailand
309,Malaysia
310,Malaysia
311,Thailand
312,Thailand
313,Malaysia
314,Thailand
315,Malaysia
316,Malaysia
317,Thailand
318,Thailand
319,Malaysia
320,Thailand
321,Malaysia
322,Malaysia
323,Thailand
324,Thailand
325,Malaysia
326,Thailand
327,Malaysia
328,Malaysia
329,Thailand
330,Thailand
331,Malaysia
332,Thailand
333,Malaysia
334,Malaysia
335,Thailand
336,Thailand
337,Malaysia
338,Thailand
339,Malaysia
340,Malaysia
341,Thailand
342,Thailand
343,Malaysia
344,Thailand
345,Malaysia
346,Malaysia
347,Thailand
348,Thailand
349,Malaysia
350,Thailand
351,Malaysia
352,Malaysia
353,Thailand
354,Thailand
355,Malaysia
356,Thailand
357,Malaysia
358,Malaysia
359,Thailand
360,Thailand
361,Malaysia
362,Thailand
363,Malaysia
364,Malaysia
365,Thailand
366,Thailand
367,Malaysia
368,Thailand
369,Malaysia
370,Malaysia
371,Thailand
372,Thailand
373,Malaysia
374,Thailand
375,Malaysia
376,Malaysia
377,Thailand
378,Thailand
379,Malaysia
380,Thailand
381,Malaysia
382,Malaysia
383,Thailand
384,Thailand
385,Malaysia
386,Thailand
387,Malaysia
388,Malaysia
389,Thailand
390,Thailand
391,Malaysia
392,Thailand
393,Malaysia
394,Malaysia
395,Thailand
396,Thailand
397,Malaysia
398,Thailand
399,Malaysia
400,Malaysia
401,Thailand
402,Thailand
403,Malaysia
404,Thailand
405,Malaysia
406,Malaysia
407,Thailand
408,Thailand
409,Malaysia
410,Thailand
411,Malaysia
412,Malaysia
413,Thailand
414,Thailand
415,Malaysia
416,Thailand
417,Malaysia
418,Malaysia
419,Thailand
420,Thailand
421,Malaysia
422,Thailand
423,Malaysia
424,Malaysia
425,Thailand
426,Thailand
427,Malaysia
428,Thailand
429,Malaysia
430,Malaysia
431,Thailand
432,Thailand
433,Malaysia
434,Thailand
435,Malaysia
436,Malaysia
437,Thailand
438,Thailand
439,Malaysia
440,Thailand
441,Malaysia
442,Malaysia
443,Thailand
444,Thailand
445,Malaysia
446,Thailand
447,Malaysia
448,Malaysia
449,Thailand
450,Thailand
451,Malaysia
452,Thailand
453,Malaysia
454,Malaysia
455,Thailand
456,Thailand
457,Malaysia
458,Thailand
459,Malaysia
460,Malaysia
461,Thailand
462,Thailand
463,Malaysia
464,Thailand
465,Malaysia
466,Malaysia
467,Thailand
468,Thailand
469,Malaysia
470,Thailand
471,Malaysia
472,Malaysia
473,Thailand
474,Thailand
475,Malaysia
476,Thailand
477,Malaysia
478,Malaysia
479,Thailand
480,Thailand
481,Malaysia
482,Thailand
483,Malaysia
484,Malaysia
485,Thailand
486,Thailand
487,Malaysia
488,Thailand
489,Malaysia
490,Malaysia
491,Thailand
492,Thailand
493,Malaysia
494,Thailand
495,Malaysia
496,Malaysia
497,Thailand
498,Thailand
499,Malaysia
500,Thailand
501,Malaysia
502,Malaysia
503,Thailand
504,Thailand
505,Malaysia
506,Thailand
507,Malaysia
508,Malaysia
509,Thailand
510,Thailand
511,Malaysia
512,Thailand
513,Malaysia
514,Malaysia
515,Thailand
516,Thailand
517,Malaysia
518,Thailand
519,Malaysia
520,Malaysia
521,Thailand
522,Thailand
523,Malaysia
524,Thailand
525,Malaysia
526,Malaysia
527,Thailand
528,Thailand
529,Malaysia
530,Thailand
531,Malaysia
532,Malaysia
533,Thailand
534,Thailand
535,Malaysia
536,Thailand
537,Malaysia
538,Malaysia
539,Thailand
540,Thailand
541,Malaysia
542,Thailand
543,Malaysia
544,Malaysia
545,Thailand
546,Thailand
547,Malaysia
548,Thailand
549,Malaysia
550,Malaysia
551,Thailand
552,Thailand
553,Malaysia
554,Thailand
555,Malaysia
556,Malaysia
557,Thailand
558,Thailand
559,Malaysia
560,Thailand
561,Malaysia
562,Malaysia
563,Thailand
564,Thailand
565,Malaysia
566,Thailand
567,Malaysia
568,Malaysia
569,Thailand
570,Thailand
571,Malaysia
572,Thailand
573,Malaysia
574,Malaysia
575,Thailand
576,Thailand
577,Malaysia
578,Thailand
579,Malaysia
580,Malaysia
581,Thailand
582,Thailand
583,Malaysia
584,Thailand
585,Malaysia
586,Malaysia
587,Thailand
588,Thailand
589,Malaysia
590,Thailand
591,Malaysia
592,Malaysia
593,Thailand
594,Thailand
595,Malaysia
596,Thailand
597,Malaysia
598,Malaysia
599,Thailand
600,Thailand
601,Malaysia
602,Thailand
603,Malaysia
604,Malaysia
605,Thailand
606,Thailand
607,Malaysia
608,Thailand
609,Malaysia
610,Malaysia
611,Thailand
612,Thailand
613,Malaysia
614,Thailand
615,Malaysia
616,Malaysia
617,Thailand
618,Thailand
619,Malaysia
620,Thailand
621,Malaysia
622,Malaysia
623,Thailand
624,Thailand
625,Malaysia
626,Thailand
627,Malaysia
628,Malaysia
629,Thailand
630,Thailand
631,Malaysia
632,Thailand
633,Malaysia
634,Malaysia
635,Thailand
636,Thailand
637,Malaysia
638,Thailand
639,Malaysia
640,Malaysia
641,Thailand
642,Thailand
643,Malaysia
644,Thailand
645,Malaysia
646,Malaysia
647,Thailand
648,Thailand
649,Malaysia
650,Thailand
651,Malaysia
652,Malaysia
653,Thailand
654,Thailand
655,Malaysia
656,Thailand
657,Malaysia
658,Malaysia
659,Thailand
660,Thailand
661,Malaysia
662,Thailand
663,Malaysia
664,Malaysia
665,Thailand
666,Thailand
667,Malaysia
668,Thailand
669,Malaysia
670,Malaysia
671,Thailand
672,Thailand
673,Malaysia
674,Thailand
675,Malaysia
676,Malaysia
677,Thailand
678,Thailand
679,Malaysia
680,Thailand
681,Malaysia
682,Malaysia
683,Thailand
684,Thailand
685,Malaysia
686,Thailand
687,Malaysia
688,Malaysia
689,Thailand
690,Thailand
691,Malaysia
692,Thailand
693,Malaysia
694,Malaysia
695,Thailand
696,Thailand
697,Malaysia
698,Thailand
699,Malaysia
700,Malaysia
701,Thailand
702,Thailand
703,Malaysia
704,Thailand
705,Malaysia
706,Malaysia
707,Thailand
708,Thailand
709,Malaysia
710,Thailand
711,Malaysia
712,Malaysia
713,Thailand
714,Thailand
715,Malaysia
716,Thailand
717,Malaysia
718,Malaysia
719,Thailand
720,Thailand
721,Malaysia
722,Thailand
723,Malaysia
724,Malaysia
725,Thailand
726,Thailand
727,Malaysia
728,Thailand
729,Malaysia
730,Malaysia
731,Thailand
732,Thailand
733,Malaysia
734,Thailand
735,Malaysia
736,Malaysia
737,Thailand
738,Thailand
739,Malaysia
740,Thailand
741,Malaysia
742,Malaysia
743,Thailand
744,Thailand
745,Malaysia
746,Thailand
747,Malaysia
748,Malaysia
749,Thailand
750,Thailand
751,Malaysia
752,Thailand
753,Malaysia
754,Malaysia
755,Thailand
756,Thailand
757,Malaysia
758,Thailand
759,Malaysia
760,Malaysia
761,Thailand
762,Thailand
763,Malaysia
764,Thailand
765,Malaysia
766,Malaysia
767,Thailand
768,Thailand
769,Malaysia
770,Thailand
771,Malaysia
772,Malaysia
773,Thailand
774,Thailand
775,Malaysia
776,Thailand
777,Malaysia
778,Malaysia
779,Thailand
780,Thailand
781,Malaysia
782,Thailand
783,Malaysia
784,Malaysia
785,Thailand
786,Thailand
787,Malaysia
788,Thailand
789,Malaysia
790,Malaysia
791,Thailand
792,Thailand
793,Malaysia
794,Thailand
795,Malaysia
796,Malaysia
797,Thailand
798,Thailand
799,Malaysia
800,Thailand
801,Malaysia
802,Malaysia
803,Thailand
804,Thailand
805,Malaysia
806,Thailand
807,Malaysia
808,Malaysia
809,Thailand
810,Thailand
811,Malaysia
812,Thailand
813,Malaysia
814,Malaysia
815,Thailand
816,Thailand
817,Malaysia
818,Thailand
819,Malaysia
820,Malaysia
821,Thailand
822,Thailand
823,Malaysia
824,Thailand
825,Malaysia
826,Malaysia
827,Thailand
828,Thailand
829,Malaysia
830,Thailand
831,Malaysia
832,Malaysia
833,Thailand
834,Thailand
835,Malaysia
836,Thailand
837,Malaysia
838,Malaysia
839,Thailand
840,Thailand
841,Malaysia
842,Thailand
843,Malaysia
844,Malaysia
845,Thailand
846,Thailand
847,Malaysia
848,Thailand
849,Malaysia
850,Malaysia
851,Thailand
852,Thailand
853,Malaysia
854,Thailand
855,Malaysia
856,Malaysia
857,Thailand
858,Thailand
859,Malaysia
860,Thailand
861,Malaysia
862,Malaysia
863,Thailand
864,Thailand
865,Malaysia
866,Thailand
867,Malaysia
868,Malaysia
869,Thailand
870,Thailand
871,Malaysia
872,Thailand
873,Malaysia
874,Malaysia
875,Thailand
876,Thailand
877,Malaysia
878,Thailand
879,Malaysia
880,Malaysia
881,Thailand
882,Thailand
883,Malaysia
884,Thailand
885,Malaysia
886,Malaysia
887,Thailand
888,Thailand
889,Malaysia
890,Thailand
891,Malaysia
892,Malaysia
893,Thailand
894,Thailand
895,Malaysia
896,Thailand
897,Malaysia
898,Malaysia
899,Thailand
900,Thailand
